travel_time,id,kind,action,origin,destination,start_time,income,urgency,reward,observation,cost_table
45.88333333333333,44,AV,2,0,0,75,881.2906222289953,,-45.88333333333333,"0,0,0,0","0,0,0"
30.1,137,AV,2,0,0,37,2294.767722006211,,-30.1,"0,0,0,0","0,0,0"
22.883333333333333,50,AV,2,0,0,21,946.2003450753726,,-22.883333333333333,"0,0,0,0","0,0,0"
39.083333333333336,63,AV,2,0,0,45,1104.4445206976068,,-39.083333333333336,"0,0,0,0","0,0,0"
27.416666666666668,84,AV,2,0,0,38,1405.7852601227096,,-27.416666666666668,"0,0,0,0","0,0,0"
43.36666666666667,132,AV,2,0,0,62,2198.5025098873134,,-43.36666666666667,"0,0,0,0","0,0,0"
32.7,196,AV,2,0,0,48,3534.445695738256,,-32.7,"0,0,0,0","0,0,0"
37.583333333333336,139,AV,2,0,0,56,2318.1098695731453,,-37.583333333333336,"0,0,0,0","0,0,0"
21.666666666666668,118,AV,2,0,0,27,1929.5758599688188,,-21.666666666666668,"0,0,0,0","0,0,0"
26.633333333333333,106,AV,2,0,0,26,1723.69240549938,,-26.633333333333333,"0,0,0,0","0,0,0"
32.1,104,AV,2,0,0,46,1659.6531244520008,,-32.1,"0,0,0,0","0,0,0"
40.78333333333333,263,AV,2,0,0,56,6031.594525491932,,-40.78333333333333,"0,0,0,0","0,0,0"
35.35,287,AV,2,0,0,49,10450.70686878338,,-35.35,"0,0,0,0","0,0,0"
39.61666666666667,103,AV,2,0,0,63,1639.6236094811811,,-39.61666666666667,"0,0,0,0","0,0,0"
43.916666666666664,220,AV,2,0,0,58,4266.216809230351,,-43.916666666666664,"0,0,0,0","0,0,0"
39.03333333333333,148,AV,2,0,0,51,2472.005569054355,,-39.03333333333333,"0,0,0,0","0,0,0"
23.616666666666667,252,AV,2,0,0,31,5480.041794665195,,-23.616666666666667,"0,0,0,0","0,0,0"
45.1,134,AV,2,0,0,73,2239.257430619588,,-45.1,"0,0,0,0","0,0,0"
24.95,221,AV,2,0,0,27,4281.8327360815,,-24.95,"0,0,0,0","0,0,0"
34.03333333333333,46,AV,2,0,0,49,904.859336063587,,-34.03333333333333,"0,0,0,0","0,0,0"
37.7,143,AV,2,0,0,52,2398.572127464108,,-37.7,"0,0,0,0","0,0,0"
23.15,151,AV,2,0,0,13,2520.718778515204,,-23.15,"0,0,0,0","0,0,0"
38.05,81,AV,2,0,0,52,1389.0632502942228,,-38.05,"0,0,0,0","0,0,0"
26.8,100,AV,2,0,0,30,1594.6992934726818,,-26.8,"0,0,0,0","0,0,0"
32.25,10,AV,2,0,0,43,566.7055292848979,,-32.25,"0,0,0,0","0,0,0"
39.833333333333336,215,AV,2,0,0,61,4135.471393234625,,-39.833333333333336,"0,0,0,0","0,0,0"
25.033333333333335,73,AV,2,0,0,19,1251.6500609663929,,-25.033333333333335,"0,0,0,0","0,0,0"
38.81666666666667,258,AV,2,0,0,54,5849.7981009167725,,-38.81666666666667,"0,0,0,0","0,0,0"
29.083333333333332,282,AV,2,0,0,43,8689.506535985933,,-29.083333333333332,"0,0,0,0","0,0,0"
45.483333333333334,67,AV,2,0,0,75,1148.2139867956057,,-45.483333333333334,"0,0,0,0","0,0,0"
39.65,58,AV,2,0,0,55,1052.4070316009115,,-39.65,"0,0,0,0","0,0,0"
43.083333333333336,224,AV,2,0,0,55,4381.240268036911,,-43.083333333333336,"0,0,0,0","0,0,0"
30.283333333333335,228,AV,2,0,0,33,4446.537177105173,,-30.283333333333335,"0,0,0,0","0,0,0"
48.983333333333334,192,AV,2,0,0,83,3476.696831582168,,-48.983333333333334,"0,0,0,0","0,0,0"
29.75,76,AV,2,0,0,38,1293.252850487379,,-29.75,"0,0,0,0","0,0,0"
45.03333333333333,129,AV,2,0,0,69,2141.869626207308,,-45.03333333333333,"0,0,0,0","0,0,0"
38.68333333333333,198,AV,2,0,0,57,3654.013033637752,,-38.68333333333333,"0,0,0,0","0,0,0"
25.366666666666667,141,AV,2,0,0,28,2329.0008356791827,,-25.366666666666667,"0,0,0,0","0,0,0"
43.18333333333333,211,AV,2,0,0,64,3958.913906791885,,-43.18333333333333,"0,0,0,0","0,0,0"
30.733333333333334,45,AV,2,0,0,41,892.1845339920479,,-30.733333333333334,"0,0,0,0","0,0,0"
44.18333333333333,61,AV,2,0,0,79,1083.524948441525,,-44.18333333333333,"0,0,0,0","0,0,0"
27.233333333333334,47,AV,2,0,0,36,912.6272274022258,,-27.233333333333334,"0,0,0,0","0,0,0"
38.35,0,AV,2,0,0,49,381.3218977270381,,-38.35,"0,0,0,0","0,0,0"
44.05,219,AV,2,0,0,69,4227.85786318916,,-44.05,"0,0,0,0","0,0,0"
43.63333333333333,279,AV,2,0,0,57,8326.33528790118,,-43.63333333333333,"0,0,0,0","0,0,0"
46.28333333333333,286,AV,2,0,0,80,10426.353459350525,,-46.28333333333333,"0,0,0,0","0,0,0"
33.266666666666666,113,AV,2,0,0,50,1832.3133019091129,,-33.266666666666666,"0,0,0,0","0,0,0"
44.81666666666667,197,AV,2,0,0,66,3628.2404526711953,,-44.81666666666667,"0,0,0,0","0,0,0"
31.766666666666666,66,AV,2,0,0,48,1141.5133047894662,,-31.766666666666666,"0,0,0,0","0,0,0"
39.016666666666666,208,AV,2,0,0,54,3933.772930850901,,-39.016666666666666,"0,0,0,0","0,0,0"
23.15,142,AV,2,0,0,16,2347.541384251396,,-23.15,"0,0,0,0","0,0,0"
21.5,171,AV,2,0,0,24,2965.4163440895786,,-21.5,"0,0,0,0","0,0,0"
37.416666666666664,276,AV,2,0,0,57,7958.958807233507,,-37.416666666666664,"0,0,0,0","0,0,0"
40.2,204,AV,2,0,0,59,3863.855435177377,,-40.2,"0,0,0,0","0,0,0"
49.71666666666667,294,AV,2,0,0,71,14754.343640924068,,-49.71666666666667,"0,0,0,0","0,0,0"
42.55,2,AV,2,0,0,54,465.3670128771111,,-42.55,"0,0,0,0","0,0,0"
40.86666666666667,195,AV,2,0,0,60,3531.3895067900216,,-40.86666666666667,"0,0,0,0","0,0,0"
38.766666666666666,146,AV,2,0,0,67,2446.4664131825853,,-38.766666666666666,"0,0,0,0","0,0,0"
33.416666666666664,80,AV,2,0,0,49,1386.7650627050614,,-33.416666666666664,"0,0,0,0","0,0,0"
22.333333333333332,223,AV,2,0,0,2,4376.119511966378,,-22.333333333333332,"0,0,0,0","0,0,0"
43.75,185,AV,2,0,0,71,3368.9508766880413,,-43.75,"0,0,0,0","0,0,0"
46.2,109,AV,2,0,0,78,1822.2981036688468,,-46.2,"0,0,0,0","0,0,0"
31.716666666666665,43,AV,2,0,0,46,877.6907461205365,,-31.716666666666665,"0,0,0,0","0,0,0"
49.233333333333334,120,AV,2,0,0,63,1950.0200213032829,,-49.233333333333334,"0,0,0,0","0,0,0"
43.56666666666667,19,AV,2,0,0,67,636.6552097563458,,-43.56666666666667,"0,0,0,0","0,0,0"
32.75,95,AV,2,0,0,45,1546.5147326922538,,-32.75,"0,0,0,0","0,0,0"
29.65,262,AV,2,0,0,40,6020.57275324985,,-29.65,"0,0,0,0","0,0,0"
48.416666666666664,65,AV,2,0,0,71,1122.7546975855585,,-48.416666666666664,"0,0,0,0","0,0,0"
23.466666666666665,89,AV,2,0,0,18,1490.1599361877834,,-23.466666666666665,"0,0,0,0","0,0,0"
41.0,206,AV,2,0,0,58,3882.59008652233,,-41.0,"0,0,0,0","0,0,0"
31.5,51,AV,2,0,0,46,961.7772661313056,,-31.5,"0,0,0,0","0,0,0"
25.016666666666666,140,AV,2,0,0,29,2318.2944376966047,,-25.016666666666666,"0,0,0,0","0,0,0"
36.18333333333333,275,AV,2,0,0,52,7912.643587116454,,-36.18333333333333,"0,0,0,0","0,0,0"
28.75,285,AV,2,0,0,37,9280.176126726552,,-28.75,"0,0,0,0","0,0,0"
47.88333333333333,35,AV,2,0,0,76,837.3801312568858,,-47.88333333333333,"0,0,0,0","0,0,0"
37.56666666666667,8,AV,2,0,0,55,541.9839687696077,,-37.56666666666667,"0,0,0,0","0,0,0"
42.35,83,AV,2,0,0,63,1404.912317929139,,-42.35,"0,0,0,0","0,0,0"
19.816666666666666,194,AV,2,0,0,22,3508.846318545673,,-19.816666666666666,"0,0,0,0","0,0,0"
40.06666666666667,49,AV,2,0,0,50,933.6906207466446,,-40.06666666666667,"0,0,0,0","0,0,0"
38.5,280,AV,2,0,0,57,8348.421721831439,,-38.5,"0,0,0,0","0,0,0"
32.833333333333336,6,AV,2,0,0,45,522.440884226393,,-32.833333333333336,"0,0,0,0","0,0,0"
27.683333333333334,242,AV,2,0,0,31,4968.170350229253,,-27.683333333333334,"0,0,0,0","0,0,0"
29.383333333333333,246,AV,2,0,0,41,5144.150368411208,,-29.383333333333333,"0,0,0,0","0,0,0"
47.833333333333336,64,AV,2,0,0,75,1111.987968807459,,-47.833333333333336,"0,0,0,0","0,0,0"
39.13333333333333,222,AV,2,0,0,53,4343.557359248321,,-39.13333333333333,"0,0,0,0","0,0,0"
39.333333333333336,24,AV,2,0,0,58,682.056612603955,,-39.333333333333336,"0,0,0,0","0,0,0"
45.516666666666666,231,AV,2,0,0,71,4609.601315671212,,-45.516666666666666,"0,0,0,0","0,0,0"
24.666666666666668,154,AV,2,0,0,31,2574.4307659940623,,-24.666666666666668,"0,0,0,0","0,0,0"
34.36666666666667,40,AV,2,0,0,50,863.5619359671642,,-34.36666666666667,"0,0,0,0","0,0,0"
28.25,160,AV,2,0,0,36,2754.938443140308,,-28.25,"0,0,0,0","0,0,0"
28.5,261,AV,2,0,0,39,5985.732437913218,,-28.5,"0,0,0,0","0,0,0"
39.63333333333333,265,AV,2,0,0,49,6197.036257351283,,-39.63333333333333,"0,0,0,0","0,0,0"
24.95,254,AV,2,0,0,29,5578.433439706214,,-24.95,"0,0,0,0","0,0,0"
39.3,107,AV,2,0,0,52,1794.439334206041,,-39.3,"0,0,0,0","0,0,0"
31.766666666666666,218,AV,2,0,0,47,4200.245935785981,,-31.766666666666666,"0,0,0,0","0,0,0"
36.75,245,AV,2,0,0,43,5051.78348307234,,-36.75,"0,0,0,0","0,0,0"
28.266666666666666,178,AV,2,0,0,38,3048.604611013583,,-28.266666666666666,"0,0,0,0","0,0,0"
26.15,25,AV,2,0,0,29,742.6585956180782,,-26.15,"0,0,0,0","0,0,0"
27.383333333333333,162,AV,2,0,0,37,2767.495209174315,,-27.383333333333333,"0,0,0,0","0,0,0"
40.38333333333333,56,AV,2,0,0,56,1046.6558973464134,,-40.38333333333333,"0,0,0,0","0,0,0"
49.56666666666667,111,AV,2,0,0,74,1824.367004680513,,-49.56666666666667,"0,0,0,0","0,0,0"
46.733333333333334,36,AV,2,0,0,78,844.3352662229099,,-46.733333333333334,"0,0,0,0","0,0,0"
21.116666666666667,251,AV,2,0,0,19,5427.330032863625,,-21.116666666666667,"0,0,0,0","0,0,0"
33.983333333333334,193,AV,2,0,0,49,3487.44186130441,,-33.983333333333334,"0,0,0,0","0,0,0"
23.1,59,AV,2,0,0,23,1059.8377785859489,,-23.1,"0,0,0,0","0,0,0"
41.666666666666664,55,AV,2,0,0,55,1022.032321197676,,-41.666666666666664,"0,0,0,0","0,0,0"
25.983333333333334,187,AV,2,0,0,30,3387.2787239910285,,-25.983333333333334,"0,0,0,0","0,0,0"
27.083333333333332,212,AV,2,0,0,30,4021.28082322038,,-27.083333333333332,"0,0,0,0","0,0,0"
40.81666666666667,108,AV,2,0,0,60,1805.1606101798543,,-40.81666666666667,"0,0,0,0","0,0,0"
39.583333333333336,3,AV,2,0,0,62,473.5024380788758,,-39.583333333333336,"0,0,0,0","0,0,0"
35.21666666666667,156,AV,2,0,0,53,2622.7149314101284,,-35.21666666666667,"0,0,0,0","0,0,0"
33.7,34,AV,2,0,0,41,825.4433072334436,,-33.7,"0,0,0,0","0,0,0"
46.31666666666667,237,AV,2,0,0,68,4689.4303597647895,,-46.31666666666667,"0,0,0,0","0,0,0"
32.75,241,AV,2,0,0,48,4967.653125719208,,-32.75,"0,0,0,0","0,0,0"
22.633333333333333,270,AV,2,0,0,25,7099.697064525982,,-22.633333333333333,"0,0,0,0","0,0,0"
20.9,122,AV,2,0,0,20,1993.780724220221,,-20.9,"0,0,0,0","0,0,0"
23.016666666666666,272,AV,2,0,0,25,7332.887514065835,,-23.016666666666666,"0,0,0,0","0,0,0"
24.283333333333335,48,AV,2,0,0,24,921.9548251796884,,-24.283333333333335,"0,0,0,0","0,0,0"
36.733333333333334,1,AV,2,0,0,52,388.2787303527966,,-36.733333333333334,"0,0,0,0","0,0,0"
40.6,99,AV,2,0,0,58,1592.6375082496468,,-40.6,"0,0,0,0","0,0,0"
42.88333333333333,203,AV,2,0,0,70,3824.993837156676,,-42.88333333333333,"0,0,0,0","0,0,0"
26.7,243,AV,2,0,0,31,5003.647877951615,,-26.7,"0,0,0,0","0,0,0"
37.56666666666667,77,AV,2,0,0,61,1294.2551843223837,,-37.56666666666667,"0,0,0,0","0,0,0"
38.95,230,AV,2,0,0,53,4577.590037133467,,-38.95,"0,0,0,0","0,0,0"
29.266666666666666,291,AV,2,0,0,40,13079.31179296209,,-29.266666666666666,"0,0,0,0","0,0,0"
31.383333333333333,159,AV,2,0,0,43,2750.2432356670683,,-31.383333333333333,"0,0,0,0","0,0,0"
28.433333333333334,125,AV,2,0,0,35,2044.1603053436156,,-28.433333333333334,"0,0,0,0","0,0,0"
42.166666666666664,91,AV,2,0,0,53,1507.5005543882637,,-42.166666666666664,"0,0,0,0","0,0,0"
41.983333333333334,78,AV,2,0,0,76,1310.9401185904849,,-41.983333333333334,"0,0,0,0","0,0,0"
35.2,158,AV,2,0,0,47,2645.062412614309,,-35.2,"0,0,0,0","0,0,0"
35.93333333333333,11,AV,2,0,0,51,586.3474640105957,,-35.93333333333333,"0,0,0,0","0,0,0"
42.416666666666664,115,AV,2,0,0,69,1880.1756700095973,,-42.416666666666664,"0,0,0,0","0,0,0"
41.1,32,AV,2,0,0,61,818.0604611907775,,-41.1,"0,0,0,0","0,0,0"
42.38333333333333,94,AV,2,0,0,64,1541.4014724042315,,-42.38333333333333,"0,0,0,0","0,0,0"
34.38333333333333,7,AV,2,0,0,47,539.5213747330826,,-34.38333333333333,"0,0,0,0","0,0,0"
29.466666666666665,186,AV,2,0,0,38,3382.383844415393,,-29.466666666666665,"0,0,0,0","0,0,0"
44.55,5,AV,2,0,0,75,497.26542980048754,,-44.55,"0,0,0,0","0,0,0"
44.0,234,AV,2,0,0,68,4669.869929992837,,-44.0,"0,0,0,0","0,0,0"
36.15,15,AV,2,0,0,49,600.3305173079323,,-36.15,"0,0,0,0","0,0,0"
45.78333333333333,27,AV,2,0,0,86,753.7709081553346,,-45.78333333333333,"0,0,0,0","0,0,0"
22.066666666666666,101,AV,2,0,0,28,1596.1763216794554,,-22.066666666666666,"0,0,0,0","0,0,0"
35.88333333333333,157,AV,2,0,0,49,2629.980017260476,,-35.88333333333333,"0,0,0,0","0,0,0"
27.966666666666665,163,AV,2,0,0,33,2797.307504072895,,-27.966666666666665,"0,0,0,0","0,0,0"
37.96666666666667,271,AV,2,0,0,54,7130.271245067938,,-37.96666666666667,"0,0,0,0","0,0,0"
36.63333333333333,37,AV,2,0,0,53,854.5785374972068,,-36.63333333333333,"0,0,0,0","0,0,0"
35.36666666666667,225,AV,2,0,0,51,4412.688598555705,,-35.36666666666667,"0,0,0,0","0,0,0"
37.46666666666667,278,AV,2,0,0,53,8139.327108000771,,-37.46666666666667,"0,0,0,0","0,0,0"
40.766666666666666,117,AV,2,0,0,60,1921.5023446668008,,-40.766666666666666,"0,0,0,0","0,0,0"
27.566666666666666,264,AV,2,0,0,31,6081.635477498837,,-27.566666666666666,"0,0,0,0","0,0,0"
30.166666666666668,116,AV,2,0,0,44,1899.102970895097,,-30.166666666666668,"0,0,0,0","0,0,0"
24.983333333333334,53,AV,2,0,0,27,985.8695826897422,,-24.983333333333334,"0,0,0,0","0,0,0"
48.63333333333333,57,AV,2,0,0,81,1047.1205397958274,,-48.63333333333333,"0,0,0,0","0,0,0"
28.666666666666668,41,AV,2,0,0,41,870.7377108213431,,-28.666666666666668,"0,0,0,0","0,0,0"
28.983333333333334,128,AV,2,0,0,40,2117.047321722312,,-28.983333333333334,"0,0,0,0","0,0,0"
39.21666666666667,176,AV,2,0,0,53,3032.1279287666234,,-39.21666666666667,"0,0,0,0","0,0,0"
48.166666666666664,21,AV,2,0,0,80,640.5426603936758,,-48.166666666666664,"0,0,0,0","0,0,0"
31.183333333333334,250,AV,2,0,0,41,5386.149373461946,,-31.183333333333334,"0,0,0,0","0,0,0"
40.15,114,AV,2,0,0,52,1869.7531794209297,,-40.15,"0,0,0,0","0,0,0"
40.516666666666666,166,AV,2,0,0,62,2857.712092786687,,-40.516666666666666,"0,0,0,0","0,0,0"
44.85,201,AV,2,0,0,73,3783.636689084741,,-44.85,"0,0,0,0","0,0,0"
43.583333333333336,69,AV,2,0,0,63,1150.2916000513435,,-43.583333333333336,"0,0,0,0","0,0,0"
45.516666666666666,165,AV,2,0,0,67,2835.850686157305,,-45.516666666666666,"0,0,0,0","0,0,0"
43.9,155,AV,2,0,0,69,2587.8859091729414,,-43.9,"0,0,0,0","0,0,0"
41.86666666666667,90,AV,2,0,0,60,1496.328062426438,,-41.86666666666667,"0,0,0,0","0,0,0"
44.333333333333336,30,AV,2,0,0,64,783.6834518391023,,-44.333333333333336,"0,0,0,0","0,0,0"
45.583333333333336,23,AV,2,0,0,60,676.2529471816457,,-45.583333333333336,"0,0,0,0","0,0,0"
33.5,217,AV,2,0,0,38,4196.147454418583,,-33.5,"0,0,0,0","0,0,0"
30.816666666666666,60,AV,2,0,0,39,1074.3823512953045,,-30.816666666666666,"0,0,0,0","0,0,0"
23.783333333333335,97,AV,2,0,0,33,1567.0706205360798,,-23.783333333333335,"0,0,0,0","0,0,0"
41.71666666666667,205,AV,2,0,0,58,3866.930621896856,,-41.71666666666667,"0,0,0,0","0,0,0"
37.38333333333333,14,AV,2,0,0,53,597.1498506777683,,-37.38333333333333,"0,0,0,0","0,0,0"
15.866666666666667,174,AV,2,0,0,0,3024.224513765153,,-15.866666666666667,"0,0,0,0","0,0,0"
23.033333333333335,164,AV,2,0,0,28,2815.231094880572,,-23.033333333333335,"0,0,0,0","0,0,0"
29.2,71,AV,2,0,0,39,1174.3503864217532,,-29.2,"0,0,0,0","0,0,0"
43.53333333333333,13,AV,2,0,0,68,591.6693204447811,,-43.53333333333333,"0,0,0,0","0,0,0"
23.683333333333334,190,AV,2,0,0,25,3456.1529418207683,,-23.683333333333334,"0,0,0,0","0,0,0"
37.93333333333333,20,AV,2,0,0,51,639.9143284368583,,-37.93333333333333,"0,0,0,0","0,0,0"
28.95,152,AV,2,0,0,39,2538.843693606908,,-28.95,"0,0,0,0","0,0,0"
31.233333333333334,4,AV,2,0,0,35,491.0984231068265,,-31.233333333333334,"0,0,0,0","0,0,0"
40.56666666666667,240,AV,2,0,0,63,4959.361066312568,,-40.56666666666667,"0,0,0,0","0,0,0"
29.116666666666667,227,AV,2,0,0,34,4429.527615460413,,-29.116666666666667,"0,0,0,0","0,0,0"
26.766666666666666,133,AV,2,0,0,23,2222.040577514192,,-26.766666666666666,"0,0,0,0","0,0,0"
27.133333333333333,247,AV,2,0,0,31,5168.6614957092925,,-27.133333333333333,"0,0,0,0","0,0,0"
34.733333333333334,31,AV,2,0,0,47,813.126641713825,,-34.733333333333334,"0,0,0,0","0,0,0"
42.733333333333334,68,AV,2,0,0,62,1148.9174546898266,,-42.733333333333334,"0,0,0,0","0,0,0"
45.7,87,AV,2,0,0,66,1460.8215047913693,,-45.7,"0,0,0,0","0,0,0"
37.666666666666664,74,AV,2,0,0,60,1261.43865123121,,-37.666666666666664,"0,0,0,0","0,0,0"
24.0,239,AV,2,0,0,28,4818.617258984985,,-24.0,"0,0,0,0","0,0,0"
24.783333333333335,267,AV,2,0,0,30,6709.13861087917,,-24.783333333333335,"0,0,0,0","0,0,0"
33.28333333333333,210,AV,2,0,0,46,3942.222625638348,,-33.28333333333333,"0,0,0,0","0,0,0"
45.25,257,AV,2,0,0,71,5825.994272151124,,-45.25,"0,0,0,0","0,0,0"
43.85,179,AV,2,0,0,62,3065.2253709468137,,-43.85,"0,0,0,0","0,0,0"
30.25,202,AV,2,0,0,38,3793.837230001502,,-30.25,"0,0,0,0","0,0,0"
29.983333333333334,181,AV,2,0,0,42,3151.1733449572957,,-29.983333333333334,"0,0,0,0","0,0,0"
44.95,135,AV,2,0,0,62,2260.56382504795,,-44.95,"0,0,0,0","0,0,0"
35.81666666666667,283,AV,2,0,0,41,8987.033628468456,,-35.81666666666667,"0,0,0,0","0,0,0"
27.966666666666665,236,AV,2,0,0,26,4687.914961676448,,-27.966666666666665,"0,0,0,0","0,0,0"
37.61666666666667,180,AV,2,0,0,51,3119.7161673652217,,-37.61666666666667,"0,0,0,0","0,0,0"
25.266666666666666,238,AV,2,0,0,37,4707.821121085941,,-25.266666666666666,"0,0,0,0","0,0,0"
38.833333333333336,199,AV,2,0,0,55,3752.1132597063192,,-38.833333333333336,"0,0,0,0","0,0,0"
22.683333333333334,102,AV,2,0,0,25,1635.9686818612918,,-22.683333333333334,"0,0,0,0","0,0,0"
35.36666666666667,93,AV,2,0,0,43,1530.0661682302475,,-35.36666666666667,"0,0,0,0","0,0,0"
23.083333333333332,191,AV,2,0,0,20,3465.4556083993225,,-23.083333333333332,"0,0,0,0","0,0,0"
34.733333333333334,126,AV,2,0,0,46,2052.607856914241,,-34.733333333333334,"0,0,0,0","0,0,0"
31.033333333333335,184,AV,2,0,0,44,3256.7228478661937,,-31.033333333333335,"0,0,0,0","0,0,0"
20.166666666666668,28,AV,2,0,0,23,776.0711537761008,,-20.166666666666668,"0,0,0,0","0,0,0"
40.03333333333333,213,AV,2,0,0,63,4113.319853961603,,-40.03333333333333,"0,0,0,0","0,0,0"
43.9,259,AV,2,0,0,74,5913.041300376779,,-43.9,"0,0,0,0","0,0,0"
26.566666666666666,105,AV,2,0,0,31,1682.490559712908,,-26.566666666666666,"0,0,0,0","0,0,0"
24.283333333333335,79,AV,2,0,0,34,1317.647826688136,,-24.283333333333335,"0,0,0,0","0,0,0"
46.28333333333333,209,AV,2,0,0,100,3941.04555698938,,-46.28333333333333,"0,0,0,0","0,0,0"
34.38333333333333,86,AV,2,0,0,33,1454.957177165027,,-34.38333333333333,"0,0,0,0","0,0,0"
45.9,232,AV,2,0,0,77,4617.971391102537,,-45.9,"0,0,0,0","0,0,0"
46.45,62,AV,2,0,0,67,1097.8259349569896,,-46.45,"0,0,0,0","0,0,0"
40.75,207,AV,2,0,0,64,3919.41152379869,,-40.75,"0,0,0,0","0,0,0"
29.55,175,AV,2,0,0,38,3031.4508351358254,,-29.55,"0,0,0,0","0,0,0"
43.75,110,AV,2,0,0,65,1823.811293294481,,-43.75,"0,0,0,0","0,0,0"
35.61666666666667,169,AV,2,0,0,44,2909.8477340427667,,-35.61666666666667,"0,0,0,0","0,0,0"
35.96666666666667,249,AV,2,0,0,52,5341.061461458292,,-35.96666666666667,"0,0,0,0","0,0,0"
26.55,298,AV,2,0,0,33,19040.472291926453,,-26.55,"0,0,0,0","0,0,0"
26.483333333333334,52,AV,2,0,0,39,979.5720138781878,,-26.483333333333334,"0,0,0,0","0,0,0"
43.28333333333333,18,AV,2,0,0,69,627.4062491148882,,-43.28333333333333,"0,0,0,0","0,0,0"
35.833333333333336,88,AV,2,0,0,43,1475.2077210572677,,-35.833333333333336,"0,0,0,0","0,0,0"
30.966666666666665,38,AV,2,0,0,37,861.805442805673,,-30.966666666666665,"0,0,0,0","0,0,0"
28.583333333333332,214,AV,2,0,0,31,4116.183110063293,,-28.583333333333332,"0,0,0,0","0,0,0"
44.416666666666664,39,AV,2,0,0,62,863.3540159882258,,-44.416666666666664,"0,0,0,0","0,0,0"
27.983333333333334,150,AV,2,0,0,37,2476.7926805910606,,-27.983333333333334,"0,0,0,0","0,0,0"
33.03333333333333,289,AV,2,0,0,46,10751.672106064549,,-33.03333333333333,"0,0,0,0","0,0,0"
26.2,161,AV,2,0,0,35,2756.9260540590044,,-26.2,"0,0,0,0","0,0,0"
28.4,92,AV,2,0,0,35,1527.6889462703334,,-28.4,"0,0,0,0","0,0,0"
29.933333333333334,292,AV,2,0,0,36,13430.196447392702,,-29.933333333333334,"0,0,0,0","0,0,0"
29.233333333333334,172,AV,2,0,0,35,2969.8754393798326,,-29.233333333333334,"0,0,0,0","0,0,0"
27.666666666666668,273,AV,2,0,0,35,7658.5640246764915,,-27.666666666666668,"0,0,0,0","0,0,0"
46.983333333333334,260,AV,2,0,0,67,5984.209260784091,,-46.983333333333334,"0,0,0,0","0,0,0"
43.7,144,AV,2,0,0,62,2401.1770329784995,,-43.7,"0,0,0,0","0,0,0"
46.6,256,AV,2,0,0,79,5670.319740923212,,-46.6,"0,0,0,0","0,0,0"
29.116666666666667,145,AV,2,0,0,38,2411.397471856681,,-29.116666666666667,"0,0,0,0","0,0,0"
46.36666666666667,119,AV,2,0,0,78,1945.516475481125,,-46.36666666666667,"0,0,0,0","0,0,0"
38.55,229,AV,2,0,0,52,4459.768546990965,,-38.55,"0,0,0,0","0,0,0"
30.516666666666666,138,AV,2,0,0,37,2314.8193170712048,,-30.516666666666666,"0,0,0,0","0,0,0"
37.1,288,AV,2,0,0,47,10721.15711953896,,-37.1,"0,0,0,0","0,0,0"
40.11666666666667,177,AV,2,0,0,57,3046.5766145774583,,-40.11666666666667,"0,0,0,0","0,0,0"
36.5,299,AV,2,0,0,54,20239.22920549412,,-36.5,"0,0,0,0","0,0,0"
24.416666666666668,124,AV,2,0,0,18,2043.1688306873104,,-24.416666666666668,"0,0,0,0","0,0,0"
30.25,131,AV,2,0,0,35,2177.5877894542577,,-30.25,"0,0,0,0","0,0,0"
29.266666666666666,54,AV,2,0,0,30,1005.9867386644172,,-29.266666666666666,"0,0,0,0","0,0,0"
41.96666666666667,82,AV,2,0,0,71,1391.0507319816634,,-41.96666666666667,"0,0,0,0","0,0,0"
35.28333333333333,22,AV,2,0,0,46,658.4091024775607,,-35.28333333333333,"0,0,0,0","0,0,0"
31.4,16,AV,2,0,0,45,610.4868582393152,,-31.4,"0,0,0,0","0,0,0"
23.65,26,AV,2,0,0,26,743.7553910389753,,-23.65,"0,0,0,0","0,0,0"
30.7,167,AV,2,0,0,39,2857.8751728516777,,-30.7,"0,0,0,0","0,0,0"
26.966666666666665,295,AV,2,0,0,34,15387.119225735782,,-26.966666666666665,"0,0,0,0","0,0,0"
39.86666666666667,266,AV,2,0,0,56,6563.608435155774,,-39.86666666666667,"0,0,0,0","0,0,0"
24.316666666666666,33,AV,2,0,0,12,822.5771428470101,,-24.316666666666666,"0,0,0,0","0,0,0"
46.86666666666667,226,AV,2,0,0,78,4416.224882412617,,-46.86666666666667,"0,0,0,0","0,0,0"
28.75,189,AV,2,0,0,18,3427.0421228311798,,-28.75,"0,0,0,0","0,0,0"
38.416666666666664,290,AV,2,0,0,55,11861.36896338871,,-38.416666666666664,"0,0,0,0","0,0,0"
40.95,182,AV,2,0,0,64,3158.0604616132755,,-40.95,"0,0,0,0","0,0,0"
27.216666666666665,284,AV,2,0,0,33,9030.678864893336,,-27.216666666666665,"0,0,0,0","0,0,0"
37.916666666666664,12,AV,2,0,0,52,586.8516376274475,,-37.916666666666664,"0,0,0,0","0,0,0"
21.066666666666666,173,AV,2,0,0,27,2971.291490045772,,-21.066666666666666,"0,0,0,0","0,0,0"
29.15,121,AV,2,0,0,42,1986.5043233563797,,-29.15,"0,0,0,0","0,0,0"
40.4,253,AV,2,0,0,51,5557.427333357366,,-40.4,"0,0,0,0","0,0,0"
29.233333333333334,149,AV,2,0,0,40,2476.7673195544394,,-29.233333333333334,"0,0,0,0","0,0,0"
33.43333333333333,42,AV,2,0,0,45,877.2934597877683,,-33.43333333333333,"0,0,0,0","0,0,0"
49.25,70,AV,2,0,0,75,1150.4391077840953,,-49.25,"0,0,0,0","0,0,0"
38.45,170,AV,2,0,0,60,2953.464044858564,,-38.45,"0,0,0,0","0,0,0"
29.466666666666665,281,AV,2,0,0,35,8480.737499651503,,-29.466666666666665,"0,0,0,0","0,0,0"
42.266666666666666,153,AV,2,0,0,49,2561.5826276178027,,-42.266666666666666,"0,0,0,0","0,0,0"
25.083333333333332,9,AV,2,0,0,27,542.8991684878858,,-25.083333333333332,"0,0,0,0","0,0,0"
34.61666666666667,123,AV,2,0,0,41,1997.7276787447236,,-34.61666666666667,"0,0,0,0","0,0,0"
45.96666666666667,168,AV,2,0,0,67,2891.134206742707,,-45.96666666666667,"0,0,0,0","0,0,0"
43.05,29,AV,2,0,0,53,779.2240782816187,,-43.05,"0,0,0,0","0,0,0"
34.95,112,AV,2,0,0,45,1830.3424648913517,,-34.95,"0,0,0,0","0,0,0"
39.516666666666666,216,AV,2,0,0,61,4164.701887555128,,-39.516666666666666,"0,0,0,0","0,0,0"
43.5,85,AV,2,0,0,72,1444.5182772575097,,-43.5,"0,0,0,0","0,0,0"
33.35,188,AV,2,0,0,47,3398.605365942332,,-33.35,"0,0,0,0","0,0,0"
37.71666666666667,72,AV,2,0,0,54,1234.5997004771,,-37.71666666666667,"0,0,0,0","0,0,0"
36.81666666666667,296,AV,2,0,0,49,17322.90883950548,,-36.81666666666667,"0,0,0,0","0,0,0"
28.716666666666665,244,AV,2,0,0,38,5009.92015912814,,-28.716666666666665,"0,0,0,0","0,0,0"
23.116666666666667,98,AV,2,0,0,25,1592.2311391495805,,-23.116666666666667,"0,0,0,0","0,0,0"
35.46666666666667,268,AV,2,0,0,51,6918.069898529506,,-35.46666666666667,"0,0,0,0","0,0,0"
45.68333333333333,96,AV,2,0,0,83,1552.9853059451273,,-45.68333333333333,"0,0,0,0","0,0,0"
33.016666666666666,297,AV,2,0,0,44,18628.94525544202,,-33.016666666666666,"0,0,0,0","0,0,0"
28.166666666666668,235,AV,2,0,0,35,4679.48341028673,,-28.166666666666668,"0,0,0,0","0,0,0"
30.316666666666666,147,AV,2,0,0,42,2458.2611968747465,,-30.316666666666666,"0,0,0,0","0,0,0"
46.333333333333336,130,AV,2,0,0,66,2158.6935677652164,,-46.333333333333336,"0,0,0,0","0,0,0"
45.8,17,AV,2,0,0,58,616.3739675020589,,-45.8,"0,0,0,0","0,0,0"
25.033333333333335,293,AV,2,0,0,27,14505.369879802229,,-25.033333333333335,"0,0,0,0","0,0,0"
32.86666666666667,255,AV,2,0,0,39,5611.673516276995,,-32.86666666666667,"0,0,0,0","0,0,0"
32.55,136,AV,2,0,0,48,2280.385817754286,,-32.55,"0,0,0,0","0,0,0"
40.666666666666664,269,AV,2,0,0,43,7081.334819999852,,-40.666666666666664,"0,0,0,0","0,0,0"
39.21666666666667,183,AV,2,0,0,55,3159.4556453821087,,-39.21666666666667,"0,0,0,0","0,0,0"
43.233333333333334,75,AV,2,0,0,77,1275.9312017726234,,-43.233333333333334,"0,0,0,0","0,0,0"
25.933333333333334,233,AV,2,0,0,30,4660.29795945294,,-25.933333333333334,"0,0,0,0","0,0,0"
31.466666666666665,274,AV,2,0,0,44,7897.119961473183,,-31.466666666666665,"0,0,0,0","0,0,0"
47.083333333333336,277,AV,2,0,0,81,8028.27043643778,,-47.083333333333336,"0,0,0,0","0,0,0"
26.316666666666666,200,AV,2,0,0,36,3773.073658575576,,-26.316666666666666,"0,0,0,0","0,0,0"
39.516666666666666,248,AV,2,0,0,54,5307.329693361759,,-39.516666666666666,"0,0,0,0","0,0,0"
40.833333333333336,127,AV,2,0,0,50,2108.868816674547,,-40.833333333333336,"0,0,0,0","0,0,0"
