dincm,expdincm,North America,Europe,East Asia,Russia & Central Asia,MENA,Latin America,South & South-East Asia,Sub-Saharan Africa
0,1,0%,0%,0%,0%,0%,0%,0%,0%
0,1,0%,0%,0%,0%,0%,0%,0%,0%
0,1,0%,0%,0%,0%,0%,0%,0%,0%
0,1,0%,0%,0%,0%,0%,0%,0%,0%
0,1,0%,0%,0%,0%,0%,0%,0%,0%
0,1,0%,0%,0%,0%,0%,0%,0%,0%
0,1,0%,0%,0%,0%,0%,0%,0%,0%
0,2,0%,0%,0%,0%,0%,0%,0%,0%
0,2,0%,0%,0%,0%,0%,0%,0%,0%
0,2,0%,0%,0%,0%,0%,0%,0%,0%
1,2,0%,0%,0%,0%,0%,0%,0%,0%
1,2,0%,0%,0%,0%,0%,0%,0%,0%
1,2,0%,0%,0%,0%,0%,0%,0%,0%
1,2,0%,0%,0%,0%,0%,0%,0%,0%
1,2,0%,0%,0%,0%,0%,0%,0%,0%
1,2,0%,0%,0%,0%,0%,0%,0%,0%
1,2,0%,0%,0%,0%,0%,0%,0%,0%
1,3,0%,0%,0%,0%,0%,0%,0%,0%
1,3,0%,0%,0%,0%,0%,0%,0%,0%
1,3,0%,0%,0%,0%,0%,0%,0%,0%
1,3,0%,0%,0%,0%,0%,0%,0%,0%
1,3,0%,0%,0%,0%,0%,0%,0%,0%
1,3,0%,0%,0%,0%,0%,0%,0%,0%
1,4,0%,0%,0%,0%,0%,0%,0%,0%
1,4,0%,0%,0%,0%,0%,0%,0%,0%
1,4,0%,0%,0%,0%,0%,0%,0%,0%
1,4,0%,0%,0%,0%,0%,0%,0%,0%
1,4,0%,0%,0%,0%,0%,0%,0%,0%
2,5,0%,0%,0%,0%,0%,0%,0%,0%
2,5,0%,0%,0%,0%,0%,0%,0%,0%
2,5,0%,0%,0%,0%,0%,0%,0%,0%
2,6,0%,0%,0%,0%,0%,0%,0%,0%
2,6,0%,0%,0%,0%,0%,0%,0%,0%
2,6,0%,0%,0%,0%,0%,0%,0%,0%
2,7,0%,0%,0%,0%,0%,0%,0%,0%
2,7,0%,0%,0%,0%,0%,0%,0%,0%
2,7,0%,0%,0%,0%,0%,0%,0%,0%
2,8,0%,0%,0%,0%,0%,0%,0%,0%
2,8,0%,0%,0%,0%,0%,0%,0%,0%
2,9,0%,0%,0%,0%,0%,0%,0%,0%
2,9,0%,0%,0%,0%,0%,0%,0%,0%
2,10,0%,0%,0%,0%,0%,0%,0%,0%
2,10,0%,0%,0%,0%,0%,0%,0%,0%
2,11,0%,0%,0%,0%,0%,0%,0%,0%
2,11,0%,0%,0%,0%,0%,0%,0%,0%
2,12,0%,0%,0%,0%,0%,0%,0%,0%
3,13,0%,0%,0%,0%,0%,0%,0%,0%
3,13,0%,0%,0%,0%,0%,0%,0%,0%
3,14,0%,0%,0%,0%,0%,0%,0%,0%
3,15,0%,0%,0%,0%,0%,0%,0%,0%
3,16,0%,0%,0%,0%,0%,0%,0%,1%
3,17,0%,0%,0%,0%,0%,0%,0%,1%
3,18,0%,0%,0%,0%,0%,0%,1%,1%
3,19,0%,0%,0%,0%,0%,0%,1%,1%
3,20,0%,0%,0%,0%,0%,0%,1%,1%
3,20,0%,0%,0%,0%,0%,0%,1%,1%
3,20,0%,0%,0%,0%,0%,0%,1%,1%
3,25,0%,0%,0%,0%,0%,0%,1%,1%
3,25,0%,0%,0%,0%,0%,0%,1%,1%
3,25,0%,0%,0%,0%,0%,0%,1%,1%
3,30,0%,0%,0%,0%,0%,0%,1%,1%
3,30,0%,0%,0%,0%,0%,0%,1%,1%
3,30,0%,0%,0%,0%,0%,0%,1%,1%
3,35,0%,0%,0%,0%,0%,0%,1%,1%
4,35,0%,0%,0%,0%,0%,0%,1%,1%
4,35,0%,0%,0%,0%,0%,0%,1%,1%
4,40,0%,0%,0%,0%,0%,0%,1%,1%
4,40,0%,0%,0%,0%,0%,0%,1%,1%
4,45,0%,0%,0%,0%,0%,1%,1%,1%
4,45,0%,0%,0%,0%,0%,1%,1%,2%
4,50,0%,0%,0%,0%,0%,1%,1%,2%
4,50,0%,0%,0%,0%,0%,1%,1%,2%
4,55,0%,0%,1%,0%,0%,1%,1%,2%
4,55,0%,0%,1%,0%,0%,1%,2%,2%
4,60,0%,0%,1%,0%,0%,1%,2%,2%
4,65,0%,0%,1%,0%,0%,1%,2%,2%
4,65,0%,0%,1%,0%,0%,1%,2%,2%
4,70,0%,0%,1%,0%,0%,1%,2%,2%
4,75,0%,0%,1%,0%,0%,1%,2%,2%
4,80,0%,0%,1%,0%,0%,1%,2%,2%
4,85,0%,0%,1%,0%,0%,1%,3%,3%
4,90,0%,0%,1%,0%,0%,1%,3%,3%
5,95,0%,0%,1%,0%,0%,1%,3%,3%
5,100,0%,0%,1%,0%,1%,1%,3%,3%
5,110,0%,0%,1%,0%,1%,1%,4%,3%
5,110,0%,0%,1%,0%,1%,1%,4%,3%
5,120,0%,0%,1%,0%,1%,1%,5%,3%
5,130,0%,0%,1%,0%,1%,1%,5%,3%
5,130,0%,0%,2%,0%,1%,1%,6%,3%
5,140,0%,0%,2%,0%,1%,1%,7%,3%
5,150,0%,0%,2%,0%,1%,1%,8%,3%
5,160,0%,0%,2%,0%,1%,1%,8%,3%
5,160,0%,0%,2%,0%,1%,1%,9%,3%
5,170,0%,0%,2%,0%,1%,1%,10%,3%
5,180,0%,0%,2%,0%,1%,2%,11%,3%
5,190,0%,0%,2%,0%,1%,2%,12%,3%
5,200,0%,0%,2%,0%,1%,2%,13%,3%
5,200,0%,0%,3%,0%,1%,2%,13%,3%
5,250,0%,0%,3%,1%,1%,2%,14%,3%
5,250,0%,0%,3%,1%,1%,2%,15%,3%
6,250,0%,0%,3%,1%,1%,2%,15%,3%
6,250,0%,0%,3%,1%,1%,2%,15%,3%
6,300,0%,0%,4%,1%,2%,2%,16%,3%
6,300,0%,0%,4%,1%,2%,3%,16%,3%
6,300,0%,0%,4%,1%,2%,3%,16%,3%
6,350,0%,0%,5%,1%,2%,3%,16%,3%
6,350,0%,0%,5%,1%,2%,3%,15%,3%
6,350,0%,0%,5%,1%,2%,3%,15%,3%
6,400,0%,0%,6%,1%,2%,3%,15%,3%
6,400,0%,0%,6%,1%,2%,3%,14%,3%
6,450,0%,0%,6%,1%,2%,3%,14%,3%
6,450,0%,0%,7%,1%,2%,3%,13%,3%
6,500,0%,1%,7%,1%,2%,3%,12%,3%
6,500,1%,1%,7%,1%,2%,3%,12%,2%
6,550,1%,1%,8%,1%,2%,3%,11%,2%
6,600,1%,1%,8%,1%,2%,3%,11%,2%
6,600,1%,1%,8%,2%,2%,3%,10%,2%
6,650,1%,1%,9%,2%,3%,3%,9%,2%
7,700,1%,1%,9%,2%,2%,3%,9%,2%
7,700,1%,1%,9%,2%,2%,3%,8%,2%
7,750,1%,1%,9%,2%,2%,3%,8%,2%
7,800,1%,1%,10%,2%,2%,3%,7%,2%
7,850,1%,1%,10%,2%,2%,3%,6%,2%
7,900,1%,1%,10%,2%,2%,3%,6%,1%
7,950,1%,1%,10%,2%,2%,3%,6%,1%
7,1000,1%,1%,10%,2%,2%,2%,5%,1%
7,1100,1%,2%,10%,2%,2%,2%,5%,1%
7,1100,2%,2%,10%,2%,2%,2%,4%,1%
7,1200,2%,2%,10%,2%,2%,2%,4%,1%
7,1300,2%,2%,10%,2%,2%,2%,4%,1%
7,1300,2%,2%,10%,2%,2%,2%,4%,1%
7,1400,2%,2%,10%,2%,2%,2%,3%,1%
7,1500,2%,3%,9%,2%,2%,2%,3%,1%
7,1600,2%,3%,9%,2%,2%,2%,3%,1%
7,1700,2%,3%,9%,1%,2%,2%,3%,1%
7,1800,2%,3%,9%,1%,1%,1%,3%,1%
8,1900,2%,3%,8%,1%,1%,1%,3%,1%
8,2000,2%,3%,8%,1%,1%,1%,3%,1%
8,2000,2%,3%,8%,1%,1%,1%,2%,1%
8,2000,2%,3%,8%,1%,1%,1%,2%,1%
8,2500,2%,3%,7%,1%,1%,1%,2%,0%
8,2500,2%,3%,7%,1%,1%,1%,2%,0%
8,2500,2%,3%,6%,1%,1%,1%,2%,0%
8,2500,2%,3%,6%,1%,1%,1%,2%,0%
8,3000,2%,3%,6%,1%,1%,1%,2%,0%
8,3000,2%,3%,5%,1%,1%,1%,2%,0%
8,3000,2%,3%,5%,1%,1%,1%,2%,0%
8,3500,2%,3%,5%,0%,1%,1%,2%,0%
8,3500,2%,3%,4%,0%,1%,1%,2%,0%
8,4000,2%,3%,4%,0%,1%,1%,1%,0%
8,4000,2%,3%,4%,0%,1%,1%,1%,0%
8,4000,2%,2%,3%,0%,1%,1%,1%,0%
8,4500,2%,2%,3%,0%,1%,1%,1%,0%
8,4500,2%,2%,3%,0%,1%,1%,1%,0%
9,5000,2%,2%,3%,0%,1%,0%,1%,0%
9,5500,2%,2%,2%,0%,0%,0%,1%,0%
9,5500,2%,2%,2%,0%,0%,0%,1%,0%
9,6000,2%,1%,2%,0%,0%,0%,1%,0%
9,6000,2%,1%,2%,0%,0%,0%,1%,0%
9,6500,2%,1%,2%,0%,0%,0%,0%,0%
9,7000,1%,1%,1%,0%,0%,0%,0%,0%
9,7500,1%,1%,1%,0%,0%,0%,0%,0%
9,8000,1%,1%,1%,0%,0%,0%,0%,0%
9,8000,1%,1%,1%,0%,0%,0%,0%,0%
9,8500,1%,1%,1%,0%,0%,0%,0%,0%
9,9000,1%,1%,1%,0%,0%,0%,0%,0%
9,9500,1%,1%,1%,0%,0%,0%,0%,0%
9,10000,1%,0%,1%,0%,0%,0%,0%,0%
9,11000,1%,0%,1%,0%,0%,0%,0%,0%
9,12000,1%,0%,0%,0%,0%,0%,0%,0%
9,12000,1%,0%,0%,0%,0%,0%,0%,0%
9,13000,1%,0%,0%,0%,0%,0%,0%,0%
10,14000,1%,0%,0%,0%,0%,0%,0%,0%
10,15000,0%,0%,0%,0%,0%,0%,0%,0%
10,15000,0%,0%,0%,0%,0%,0%,0%,0%
10,16000,0%,0%,0%,0%,0%,0%,0%,0%
10,17000,0%,0%,0%,0%,0%,0%,0%,0%
10,18000,0%,0%,0%,0%,0%,0%,0%,0%
10,19000,0%,0%,0%,0%,0%,0%,0%,0%
10,20000,0%,0%,0%,0%,0%,0%,0%,0%
10,20000,0%,0%,0%,0%,0%,0%,0%,0%
10,20000,0%,0%,0%,0%,0%,0%,0%,0%
10,25000,0%,0%,0%,0%,0%,0%,0%,0%
10,25000,0%,0%,0%,0%,0%,0%,0%,0%
10,25000,0%,0%,0%,0%,0%,0%,0%,0%
10,30000,0%,0%,0%,0%,0%,0%,0%,0%
10,30000,0%,0%,0%,0%,0%,0%,0%,0%
10,30000,0%,0%,0%,0%,0%,0%,0%,0%
10,35000,0%,0%,0%,0%,0%,0%,0%,0%
10,35000,0%,0%,0%,0%,0%,0%,0%,0%
11,35000,0%,0%,0%,0%,0%,0%,0%,0%
11,40000,0%,0%,0%,0%,0%,0%,0%,0%
11,40000,0%,0%,0%,0%,0%,0%,0%,0%
11,45000,0%,0%,0%,0%,0%,0%,0%,0%
11,45000,0%,0%,0%,0%,0%,0%,0%,0%
11,50000,0%,0%,0%,0%,0%,0%,0%,0%
11,50000,0%,0%,0%,0%,0%,0%,0%,0%
11,55000,0%,0%,0%,0%,0%,0%,0%,0%
11,55000,0%,0%,0%,0%,0%,0%,0%,0%
11,60000,0%,0%,0%,0%,0%,0%,0%,0%
,,,,,,,,,
,,,,,,,,,
,,,,,,,,,
,,,,,,,,,
,,,,,,,,,
,,,,,,,,,
,,,,,,,,,
,,,,,,,,,
,,,,,,,,,
,,,,,,,,,
,,,,,,,,,
,,,,,,,,,
,,,,,,,,,
,,,,,,,,,
,,,,,,,,,
,,,,,,,,,
,,,,,,,,,
,,,,,,,,,
,,,,,,,,,
,,,,,,,,,
,,,,,,,,,
,,,,,,,,,
,,,,,,,,,
,,,,,,,,,
,,,,,,,,,
,,,,,,,,,
,,,,,,,,,
,,,,,,,,,
,,,,,,,,,
,,,,,,,,,
,,,,,,,,,
,,,,,,,,,
,,,,,,,,,
,,,,,,,,,
,,,,,,,,,
,,,,,,,,,
,,,,,,,,,
,,,,,,,,,
,,,,,,,,,
,,,,,,,,,
,,,,,,,,,
,,,,,,,,,
,,,,,,,,,
,,,,,,,,,
,,,,,,,,,
,,,,,,,,,
,,,,,,,,,
,,,,,,,,,
,,,,,,,,,
,,,,,,,,,
,,,,,,,,,
,,,,,,,,,
,,,,,,,,,
,,,,,,,,,
,,,,,,,,,
,,,,,,,,,
,,,,,,,,,
,,,,,,,,,
,,,,,,,,,
,,,,,,,,,
,,,,,,,,,
,,,,,,,,,
,,,,,,,,,
,,,,,,,,,
,,,,,,,,,
,,,,,,,,,
,,,,,,,,,
,,,,,,,,,
,,,,,,,,,
,,,,,,,,,
,,,,,,,,,
,,,,,,,,,
,,,,,,,,,
,,,,,,,,,
,,,,,,,,,
,,,,,,,,,
,,,,,,,,,
,,,,,,,,,
,,,,,,,,,
,,,,,,,,,
,,,,,,,,,
,,,,,,,,,
,,,,,,,,,
,,,,,,,,,
,,,,,,,,,
,,,,,,,,,
,,,,,,,,,
,,,,,,,,,
,,,,,,,,,
,,,,,,,,,
,,,,,,,,,
,,,,,,,,,
,,,,,,,,,
,,,,,,,,,
,,,,,,,,,
,,,,,,,,,
,,,,,,,,,
,,,,,,,,,
,,,,,,,,,
,,,,,,,,,
,,,,,,,,,
,,,,,,,,,
,,,,,,,,,
,,,,,,,,,
,,,,,,,,,
,,,,,,,,,
,,,,,,,,,
,,,,,,,,,
,,,,,,,,,
,,,,,,,,,
,,,,,,,,,
,,,,,,,,,
,,,,,,,,,
,,,,,,,,,
,,,,,,,,,
,,,,,,,,,
,,,,,,,,,
,,,,,,,,,
,,,,,,,,,
,,,,,,,,,
,,,,,,,,,
,,,,,,,,,
,,,,,,,,,
,,,,,,,,,
,,,,,,,,,
,,,,,,,,,
,,,,,,,,,
,,,,,,,,,
,,,,,,,,,
,,,,,,,,,
,,,,,,,,,
,,,,,,,,,
,,,,,,,,,
,,,,,,,,,
,,,,,,,,,
,,,,,,,,,
,,,,,,,,,
,,,,,,,,,
,,,,,,,,,
,,,,,,,,,
,,,,,,,,,
,,,,,,,,,
,,,,,,,,,
,,,,,,,,,
,,,,,,,,,
,,,,,,,,,
,,,,,,,,,
,,,,,,,,,
,,,,,,,,,
,,,,,,,,,
,,,,,,,,,
,,,,,,,,,
,,,,,,,,,
,,,,,,,,,
,,,,,,,,,
,,,,,,,,,
,,,,,,,,,
,,,,,,,,,
,,,,,,,,,
,,,,,,,,,
,,,,,,,,,
,,,,,,,,,
,,,,,,,,,
,,,,,,,,,
,,,,,,,,,
,,,,,,,,,
,,,,,,,,,
,,,,,,,,,
,,,,,,,,,
,,,,,,,,,
,,,,,,,,,
,,,,,,,,,
,,,,,,,,,
,,,,,,,,,
,,,,,,,,,
,,,,,,,,,
,,,,,,,,,
,,,,,,,,,
,,,,,,,,,
,,,,,,,,,
,,,,,,,,,
,,,,,,,,,
,,,,,,,,,
,,,,,,,,,
,,,,,,,,,
,,,,,,,,,
,,,,,,,,,
,,,,,,,,,
,,,,,,,,,
,,,,,,,,,
,,,,,,,,,
,,,,,,,,,
,,,,,,,,,
,,,,,,,,,
,,,,,,,,,
,,,,,,,,,
,,,,,,,,,
,,,,,,,,,
,,,,,,,,,
,,,,,,,,,
,,,,,,,,,
,,,,,,,,,
,,,,,,,,,
,,,,,,,,,
,,,,,,,,,
,,,,,,,,,
,,,,,,,,,
,,,,,,,,,
,,,,,,,,,
,,,,,,,,,
,,,,,,,,,
,,,,,,,,,
,,,,,,,,,
,,,,,,,,,
,,,,,,,,,
,,,,,,,,,
,,,,,,,,,
,,,,,,,,,
,,,,,,,,,
,,,,,,,,,
,,,,,,,,,
,,,,,,,,,
,,,,,,,,,
,,,,,,,,,
,,,,,,,,,
,,,,,,,,,
,,,,,,,,,
,,,,,,,,,
,,,,,,,,,
,,,,,,,,,
,,,,,,,,,
,,,,,,,,,
,,,,,,,,,
,,,,,,,,,
,,,,,,,,,
,,,,,,,,,
,,,,,,,,,
,,,,,,,,,
,,,,,,,,,
,,,,,,,,,
,,,,,,,,,
,,,,,,,,,
,,,,,,,,,
,,,,,,,,,
,,,,,,,,,
,,,,,,,,,
,,,,,,,,,
,,,,,,,,,
,,,,,,,,,
,,,,,,,,,
,,,,,,,,,
,,,,,,,,,
,,,,,,,,,
,,,,,,,,,
,,,,,,,,,
,,,,,,,,,
,,,,,,,,,
,,,,,,,,,
,,,,,,,,,
,,,,,,,,,
,,,,,,,,,
,,,,,,,,,
,,,,,,,,,
,,,,,,,,,
,,,,,,,,,
,,,,,,,,,
,,,,,,,,,
,,,,,,,,,
,,,,,,,,,
,,,,,,,,,
,,,,,,,,,
,,,,,,,,,
,,,,,,,,,
,,,,,,,,,
,,,,,,,,,
,,,,,,,,,
,,,,,,,,,
,,,,,,,,,
,,,,,,,,,
,,,,,,,,,
,,,,,,,,,
,,,,,,,,,
,,,,,,,,,
,,,,,,,,,
,,,,,,,,,
,,,,,,,,,
,,,,,,,,,
,,,,,,,,,
,,,,,,,,,
,,,,,,,,,
,,,,,,,,,
,,,,,,,,,
,,,,,,,,,
,,,,,,,,,
,,,,,,,,,
,,,,,,,,,
,,,,,,,,,
,,,,,,,,,
,,,,,,,,,
,,,,,,,,,
,,,,,,,,,
,,,,,,,,,
,,,,,,,,,
,,,,,,,,,
,,,,,,,,,
,,,,,,,,,
,,,,,,,,,
,,,,,,,,,
,,,,,,,,,
,,,,,,,,,
,,,,,,,,,
,,,,,,,,,
,,,,,,,,,
,,,,,,,,,
,,,,,,,,,
,,,,,,,,,
,,,,,,,,,
,,,,,,,,,
,,,,,,,,,
,,,,,,,,,
,,,,,,,,,
,,,,,,,,,
,,,,,,,,,
,,,,,,,,,
,,,,,,,,,
,,,,,,,,,
,,,,,,,,,
,,,,,,,,,
,,,,,,,,,
,,,,,,,,,
,,,,,,,,,
,,,,,,,,,
,,,,,,,,,
,,,,,,,,,
,,,,,,,,,
,,,,,,,,,
,,,,,,,,,
,,,,,,,,,
,,,,,,,,,
,,,,,,,,,
,,,,,,,,,
,,,,,,,,,
,,,,,,,,,
,,,,,,,,,
,,,,,,,,,
,,,,,,,,,
,,,,,,,,,
,,,,,,,,,
,,,,,,,,,
,,,,,,,,,
,,,,,,,,,
,,,,,,,,,
,,,,,,,,,
,,,,,,,,,
,,,,,,,,,
,,,,,,,,,
,,,,,,,,,
,,,,,,,,,
,,,,,,,,,
,,,,,,,,,
,,,,,,,,,
,,,,,,,,,
,,,,,,,,,
,,,,,,,,,
,,,,,,,,,
,,,,,,,,,
,,,,,,,,,
,,,,,,,,,
,,,,,,,,,
,,,,,,,,,
,,,,,,,,,
,,,,,,,,,
,,,,,,,,,
,,,,,,,,,
,,,,,,,,,
,,,,,,,,,
,,,,,,,,,
,,,,,,,,,
,,,,,,,,,
,,,,,,,,,
,,,,,,,,,
,,,,,,,,,
,,,,,,,,,
,,,,,,,,,
,,,,,,,,,
,,,,,,,,,
,,,,,,,,,
,,,,,,,,,
,,,,,,,,,
,,,,,,,,,
,,,,,,,,,
,,,,,,,,,
,,,,,,,,,
,,,,,,,,,
,,,,,,,,,
,,,,,,,,,
,,,,,,,,,
,,,,,,,,,
,,,,,,,,,
,,,,,,,,,
,,,,,,,,,
,,,,,,,,,
,,,,,,,,,
,,,,,,,,,
,,,,,,,,,
,,,,,,,,,
,,,,,,,,,
,,,,,,,,,
,,,,,,,,,
,,,,,,,,,
,,,,,,,,,
,,,,,,,,,
,,,,,,,,,
,,,,,,,,,
,,,,,,,,,
,,,,,,,,,
,,,,,,,,,
,,,,,,,,,
,,,,,,,,,
,,,,,,,,,
,,,,,,,,,
,,,,,,,,,
,,,,,,,,,
,,,,,,,,,
,,,,,,,,,
,,,,,,,,,
,,,,,,,,,
,,,,,,,,,
,,,,,,,,,
,,,,,,,,,
,,,,,,,,,
,,,,,,,,,
,,,,,,,,,
,,,,,,,,,
,,,,,,,,,
,,,,,,,,,
,,,,,,,,,
,,,,,,,,,
,,,,,,,,,
,,,,,,,,,
,,,,,,,,,
,,,,,,,,,
,,,,,,,,,
,,,,,,,,,
,,,,,,,,,
,,,,,,,,,
,,,,,,,,,
,,,,,,,,,
,,,,,,,,,
,,,,,,,,,
,,,,,,,,,
,,,,,,,,,
,,,,,,,,,
,,,,,,,,,
,,,,,,,,,
,,,,,,,,,
,,,,,,,,,
,,,,,,,,,
,,,,,,,,,
,,,,,,,,,
,,,,,,,,,
,,,,,,,,,
,,,,,,,,,
,,,,,,,,,
,,,,,,,,,
,,,,,,,,,
,,,,,,,,,
,,,,,,,,,
,,,,,,,,,
,,,,,,,,,
,,,,,,,,,
,,,,,,,,,
,,,,,,,,,
,,,,,,,,,
,,,,,,,,,
,,,,,,,,,
,,,,,,,,,
,,,,,,,,,
,,,,,,,,,
,,,,,,,,,
,,,,,,,,,
,,,,,,,,,
,,,,,,,,,
,,,,,,,,,
,,,,,,,,,
,,,,,,,,,
,,,,,,,,,
,,,,,,,,,
,,,,,,,,,
,,,,,,,,,
,,,,,,,,,
,,,,,,,,,
,,,,,,,,,
,,,,,,,,,
,,,,,,,,,
,,,,,,,,,
,,,,,,,,,
,,,,,,,,,
,,,,,,,,,
,,,,,,,,,
,,,,,,,,,
,,,,,,,,,
,,,,,,,,,
,,,,,,,,,
,,,,,,,,,
,,,,,,,,,
,,,,,,,,,
,,,,,,,,,
,,,,,,,,,
,,,,,,,,,
,,,,,,,,,
,,,,,,,,,
,,,,,,,,,
,,,,,,,,,
,,,,,,,,,
,,,,,,,,,
,,,,,,,,,
,,,,,,,,,
,,,,,,,,,
,,,,,,,,,
,,,,,,,,,
,,,,,,,,,
,,,,,,,,,
,,,,,,,,,
,,,,,,,,,
,,,,,,,,,
,,,,,,,,,
,,,,,,,,,
,,,,,,,,,
,,,,,,,,,
,,,,,,,,,
,,,,,,,,,
,,,,,,,,,
,,,,,,,,,
,,,,,,,,,
,,,,,,,,,
,,,,,,,,,
,,,,,,,,,
,,,,,,,,,
,,,,,,,,,
,,,,,,,,,
,,,,,,,,,
,,,,,,,,,
,,,,,,,,,
,,,,,,,,,
,,,,,,,,,
,,,,,,,,,
,,,,,,,,,
,,,,,,,,,
,,,,,,,,,
,,,,,,,,,
,,,,,,,,,
,,,,,,,,,
,,,,,,,,,
,,,,,,,,,
,,,,,,,,,
,,,,,,,,,
,,,,,,,,,
,,,,,,,,,
,,,,,,,,,
,,,,,,,,,
,,,,,,,,,
,,,,,,,,,
,,,,,,,,,
,,,,,,,,,
,,,,,,,,,
,,,,,,,,,
,,,,,,,,,
,,,,,,,,,
,,,,,,,,,
,,,,,,,,,
,,,,,,,,,
,,,,,,,,,
,,,,,,,,,
,,,,,,,,,
,,,,,,,,,
,,,,,,,,,
,,,,,,,,,
,,,,,,,,,
,,,,,,,,,
,,,,,,,,,
,,,,,,,,,
,,,,,,,,,
,,,,,,,,,
,,,,,,,,,
,,,,,,,,,
,,,,,,,,,
,,,,,,,,,
,,,,,,,,,
,,,,,,,,,
,,,,,,,,,
,,,,,,,,,
,,,,,,,,,
,,,,,,,,,
,,,,,,,,,
,,,,,,,,,
,,,,,,,,,
,,,,,,,,,
,,,,,,,,,
,,,,,,,,,
