travel_time,id,kind,action,origin,destination,start_time,income,urgency,reward
36.083333333333336,43,AV,1,0,0,66,968.7072844723906,,-36.083333333333336
14.216666666666667,278,AV,1,0,0,30,8436.938288223368,,-14.216666666666667
31.216666666666665,86,AV,0,0,0,43,1592.2311391495805,,-31.216666666666665
21.25,168,AV,1,0,0,47,2964.6777926145683,,-21.25
62.43333333333333,89,AV,0,0,0,63,1653.1781197118603,,-62.43333333333333
43.43333333333333,22,AV,0,0,0,49,753.5670156580491,,-43.43333333333333
40.416666666666664,123,AV,2,0,0,56,2193.4249838744518,,-40.416666666666664
12.983333333333333,247,AV,1,0,0,20,5354.15698790508,,-12.983333333333333
39.833333333333336,255,AV,0,0,0,48,5807.233742044462,,-39.833333333333336
13.683333333333334,73,AV,1,0,0,10,1446.9812594843625,,-13.683333333333334
13.466666666666667,84,AV,1,0,0,30,1581.438059619256,,-13.466666666666667
23.233333333333334,47,AV,1,0,0,45,1025.7249596144625,,-23.233333333333334
49.7,244,AV,2,0,0,81,5051.78348307234,,-49.7
43.483333333333334,297,AV,2,0,0,66,17693.100214811147,,-43.483333333333334
22.316666666666666,125,AV,0,0,0,38,2239.257430619588,,-22.316666666666666
37.31666666666667,80,AV,1,0,0,87,1526.0895405694364,,-37.31666666666667
26.133333333333333,267,AV,1,0,0,51,7081.334819999852,,-26.133333333333333
36.38333333333333,78,AV,0,0,0,46,1496.328062426438,,-36.38333333333333
24.483333333333334,151,AV,1,0,0,50,2744.8905386527767,,-24.483333333333334
31.416666666666668,282,AV,1,0,0,62,9030.678864893336,,-31.416666666666668
20.483333333333334,137,AV,0,0,0,36,2446.4664131825853,,-20.483333333333334
23.016666666666666,288,AV,2,0,0,37,11515.391842589095,,-23.016666666666666
46.81666666666667,145,AV,2,0,0,69,2563.744074524839,,-46.81666666666667
73.0,140,AV,0,0,0,68,2478.182963693478,,-73.0
35.3,41,AV,1,0,0,66,938.3100494872764,,-35.3
78.21666666666667,218,AV,0,0,0,79,4164.701887555128,,-78.21666666666667
15.266666666666667,93,AV,1,0,0,31,1682.490559712908,,-15.266666666666667
16.9,156,AV,1,0,0,34,2797.307504072895,,-16.9
33.38333333333333,15,AV,1,0,0,62,639.9143284368583,,-33.38333333333333
37.333333333333336,239,AV,1,0,0,73,4924.983441788647,,-37.333333333333336
13.7,23,AV,0,0,0,34,753.7709081553346,,-13.7
31.35,256,AV,1,0,0,61,5849.7981009167725,,-31.35
52.3,298,AV,0,0,0,54,19040.472291926453,,-52.3
17.383333333333333,70,AV,1,0,0,38,1391.0507319816634,,-17.383333333333333
34.516666666666666,116,AV,0,0,0,44,2078.9202215407213,,-34.516666666666666
58.016666666666666,249,AV,0,0,0,57,5480.041794665195,,-58.016666666666666
39.516666666666666,107,AV,2,0,0,64,1945.516475481125,,-39.516666666666666
67.81666666666666,34,AV,0,0,0,65,877.2934597877683,,-67.81666666666666
31.433333333333334,9,AV,1,0,0,62,572.7967315704935,,-31.433333333333334
31.233333333333334,4,AV,0,0,0,43,513.3463032142733,,-31.233333333333334
16.833333333333332,72,AV,1,0,0,35,1434.4967426379471,,-16.833333333333332
46.25,88,AV,2,0,0,63,1645.9523587482854,,-46.25
36.95,236,AV,1,0,0,75,4717.175795221327,,-36.95
23.4,182,AV,1,0,0,50,3225.188153267811,,-23.4
25.283333333333335,129,AV,2,0,0,34,2335.4036410281064,,-25.283333333333335
21.766666666666666,27,AV,1,0,0,44,832.3173438658397,,-21.766666666666666
12.066666666666666,138,AV,1,0,0,16,2472.005569054355,,-12.066666666666666
43.96666666666667,199,AV,2,0,0,63,3456.1529418207683,,-43.96666666666667
20.85,279,AV,1,0,0,41,8795.495569618428,,-20.85
45.15,215,AV,0,0,0,51,4061.843573313689,,-45.15
41.016666666666666,258,AV,2,0,0,55,5913.041300376779,,-41.016666666666666
76.56666666666666,257,AV,0,0,0,77,5862.871835726062,,-76.56666666666666
35.1,169,AV,2,0,0,51,2965.4163440895786,,-35.1
27.233333333333334,250,AV,2,0,0,43,5487.970610754926,,-27.233333333333334
31.433333333333334,28,AV,2,0,0,47,844.3352662229099,,-31.433333333333334
37.766666666666666,162,AV,1,0,0,75,2857.8751728516777,,-37.766666666666666
65.95,55,AV,0,0,0,64,1117.0806745336297,,-65.95
26.7,246,AV,1,0,0,52,5158.4050556257225,,-26.7
46.88333333333333,97,AV,0,0,0,52,1778.835052690156,,-46.88333333333333
17.533333333333335,20,AV,1,0,0,37,742.4887258523852,,-17.533333333333335
53.88333333333333,252,AV,0,0,0,54,5578.433439706214,,-53.88333333333333
36.81666666666667,53,AV,1,0,0,68,1100.389953660579,,-36.81666666666667
24.483333333333334,294,AV,1,0,0,50,14297.77376075636,,-24.483333333333334
44.25,133,AV,2,0,0,70,2392.7441380289174,,-44.25
29.633333333333333,7,AV,1,0,0,55,567.550811201735,,-29.633333333333333
21.816666666666666,273,AV,1,0,0,44,7958.958807233507,,-21.816666666666666
17.383333333333333,112,AV,1,0,0,33,2034.664800296876,,-17.383333333333333
26.166666666666668,2,AV,1,0,0,51,437.8567856598078,,-26.166666666666668
68.15,52,AV,0,0,0,65,1089.3140785512585,,-68.15
45.15,38,AV,2,0,0,67,905.8209551718018,,-45.15
25.6,30,AV,0,0,0,40,850.3216016091212,,-25.6
17.716666666666665,3,AV,1,0,0,34,449.0833195935783,,-17.716666666666665
32.88333333333333,99,AV,0,0,0,43,1797.659883656486,,-32.88333333333333
27.333333333333332,254,AV,1,0,0,51,5702.891177591027,,-27.333333333333332
36.18333333333333,132,AV,1,0,0,70,2352.9451803313505,,-36.18333333333333
34.15,98,AV,2,0,0,39,1782.711710770346,,-34.15
44.56666666666667,111,AV,2,0,0,69,2022.4315636845977,,-44.56666666666667
32.166666666666664,241,AV,1,0,0,65,4950.268578812107,,-32.166666666666664
49.0,131,AV,0,0,0,52,2347.541384251396,,-49.0
30.516666666666666,46,AV,1,0,0,57,985.8695826897422,,-30.516666666666666
28.933333333333334,225,AV,1,0,0,56,4549.070920567666,,-28.933333333333334
23.433333333333334,204,AV,2,0,0,24,3742.7752140142647,,-23.433333333333334
79.9,64,AV,0,0,0,89,1261.43865123121,,-79.9
23.366666666666667,164,AV,1,0,0,49,2927.9701715656583,,-23.366666666666667
16.883333333333333,210,AV,1,0,0,37,3866.930621896856,,-16.883333333333333
17.666666666666668,285,AV,1,0,0,37,9884.322174397852,,-17.666666666666668
28.283333333333335,266,AV,1,0,0,56,6995.337061486569,,-28.283333333333335
41.53333333333333,37,AV,0,0,0,48,904.859336063587,,-41.53333333333333
59.416666666666664,248,AV,0,0,0,58,5434.023139443809,,-59.416666666666664
42.25,165,AV,2,0,0,64,2942.323800284961,,-42.25
15.85,286,AV,1,0,0,31,10721.15711953896,,-15.85
42.31666666666667,155,AV,2,0,0,61,2767.495209174315,,-42.31666666666667
41.78333333333333,144,AV,0,0,0,48,2533.2754137277425,,-41.78333333333333
55.71666666666667,108,AV,0,0,0,56,1963.0347272178835,,-55.71666666666667
22.583333333333332,142,AV,1,0,0,47,2520.757475212996,,-22.583333333333332
23.533333333333335,44,AV,1,0,0,49,978.4447105201264,,-23.533333333333335
53.93333333333333,45,AV,0,0,0,54,979.5720138781878,,-53.93333333333333
74.9,128,AV,0,0,0,72,2280.385817754286,,-74.9
30.083333333333332,110,AV,2,0,0,45,2015.5588757501516,,-30.083333333333332
33.61666666666667,92,AV,2,0,0,48,1664.0464513081895,,-33.61666666666667
33.166666666666664,268,AV,2,0,0,49,7177.938863287724,,-33.166666666666664
22.0,135,AV,1,0,0,44,2417.357356239525,,-22.0
21.55,104,AV,1,0,0,43,1900.764377468582,,-21.55
47.0,299,AV,2,0,0,69,20793.30768626012,,-47.0
28.7,191,AV,1,0,0,55,3301.717979419838,,-28.7
34.666666666666664,192,AV,2,0,0,49,3352.9358316496982,,-34.666666666666664
32.56666666666667,147,AV,1,0,0,63,2587.8859091729414,,-32.56666666666667
41.28333333333333,1,AV,2,0,0,58,419.7646265090227,,-41.28333333333333
37.3,54,AV,2,0,0,59,1104.4445206976068,,-37.3
57.45,35,AV,0,0,0,57,877.6907461205365,,-57.45
35.766666666666666,174,AV,2,0,0,53,3032.1279287666234,,-35.766666666666666
27.233333333333334,5,AV,1,0,0,54,522.2875039790788,,-27.233333333333334
69.8,69,AV,0,0,0,65,1373.5659577718477,,-69.8
18.5,102,AV,1,0,0,40,1869.7531794209297,,-18.5
46.916666666666664,189,AV,0,0,0,51,3278.222126324269,,-46.916666666666664
36.333333333333336,209,AV,0,0,0,45,3863.855435177377,,-36.333333333333336
76.23333333333333,281,AV,0,0,0,81,8987.033628468456,,-76.23333333333333
18.566666666666666,223,AV,1,0,0,41,4446.537177105173,,-18.566666666666666
29.016666666666666,176,AV,2,0,0,37,3064.640983136323,,-29.016666666666666
33.6,293,AV,2,0,0,50,13460.811009378149,,-33.6
24.083333333333332,275,AV,0,0,0,39,8029.700924090037,,-24.083333333333332
25.083333333333332,173,AV,1,0,0,51,3024.224513765153,,-25.083333333333332
59.11666666666667,296,AV,0,0,0,60,17322.90883950548,,-59.11666666666667
26.483333333333334,31,AV,1,0,0,52,859.2772315809713,,-26.483333333333334
30.933333333333334,48,AV,1,0,0,60,1040.734547163155,,-30.933333333333334
18.866666666666667,75,AV,1,0,0,41,1460.106853854364,,-18.866666666666667
25.533333333333335,263,AV,1,0,0,50,6709.13861087917,,-25.533333333333335
13.733333333333333,200,AV,1,0,0,19,3508.846318545673,,-13.733333333333333
24.65,81,AV,1,0,0,50,1530.0661682302475,,-24.65
34.766666666666666,202,AV,0,0,0,44,3583.4963710051925,,-34.766666666666666
34.95,150,AV,1,0,0,68,2722.266725979925,,-34.95
15.2,240,AV,1,0,0,34,4934.883137056144,,-15.2
46.75,146,AV,2,0,0,93,2574.4307659940623,,-46.75
24.716666666666665,115,AV,1,0,0,50,2052.607856914241,,-24.716666666666665
23.35,21,AV,1,0,0,48,743.7818724069466,,-23.35
37.21666666666667,0,AV,2,0,0,51,417.8295094645922,,-37.21666666666667
22.233333333333334,100,AV,0,0,0,37,1830.3424648913517,,-22.233333333333334
37.46666666666667,160,AV,1,0,0,76,2857.6088215719105,,-37.46666666666667
23.5,229,AV,1,0,0,49,4617.971391102537,,-23.5
48.46666666666667,193,AV,0,0,0,52,3361.758609282253,,-48.46666666666667
17.166666666666668,265,AV,0,0,0,35,6947.27484286379,,-17.166666666666668
23.016666666666666,161,AV,1,0,0,47,2857.712092786687,,-23.016666666666666
25.683333333333334,87,AV,1,0,0,51,1628.9397076974285,,-25.683333333333334
28.433333333333334,67,AV,2,0,0,38,1323.5149786113286,,-28.433333333333334
41.38333333333333,33,AV,2,0,0,65,870.7377108213431,,-41.38333333333333
11.716666666666667,207,AV,1,0,0,18,3822.7735841463273,,-11.716666666666667
8.633333333333333,68,AV,0,0,0,24,1365.417472605012,,-8.633333333333333
14.2,49,AV,1,0,0,19,1059.8377785859489,,-14.2
71.38333333333334,179,AV,0,0,0,67,3159.4556453821087,,-71.38333333333334
45.233333333333334,198,AV,0,0,0,49,3427.0421228311798,,-45.233333333333334
37.416666666666664,8,AV,1,0,0,70,571.0932451196882,,-37.416666666666664
27.733333333333334,177,AV,2,0,0,31,3097.4575811220984,,-27.733333333333334
66.26666666666667,234,AV,0,0,0,64,4705.31956239884,,-66.26666666666667
20.8,154,AV,1,0,0,41,2758.442965787371,,-20.8
18.166666666666668,194,AV,1,0,0,39,3368.9508766880413,,-18.166666666666668
36.1,50,AV,1,0,0,68,1062.4074567339185,,-36.1
16.416666666666668,178,AV,1,0,0,30,3158.0604616132755,,-16.416666666666668
78.33333333333333,188,AV,0,0,0,84,3269.866339895674,,-78.33333333333333
30.466666666666665,195,AV,1,0,0,62,3387.2787239910285,,-30.466666666666665
6.633333333333334,14,AV,0,0,0,20,627.4062491148882,,-6.633333333333334
23.85,65,AV,1,0,0,49,1267.69032506861,,-23.85
34.11666666666667,197,AV,2,0,0,45,3414.9419898187493,,-34.11666666666667
30.416666666666668,233,AV,1,0,0,59,4689.4303597647895,,-30.416666666666668
74.7,139,AV,0,0,0,72,2476.7673195544394,,-74.7
29.466666666666665,159,AV,0,0,0,42,2835.850686157305,,-29.466666666666665
44.35,118,AV,2,0,0,61,2108.868816674547,,-44.35
35.833333333333336,39,AV,1,0,0,69,913.5589076746268,,-35.833333333333336
36.63333333333333,238,AV,1,0,0,74,4889.272753955773,,-36.63333333333333
20.8,85,AV,1,0,0,44,1587.6148581174584,,-20.8
13.45,126,AV,0,0,0,34,2241.037238818388,,-13.45
35.016666666666666,11,AV,1,0,0,67,597.1498506777683,,-35.016666666666666
35.36666666666667,149,AV,2,0,0,51,2622.7149314101284,,-35.36666666666667
29.85,186,AV,2,0,0,42,3251.3322332141274,,-29.85
36.05,36,AV,2,0,0,53,881.2906222289953,,-36.05
13.55,18,AV,1,0,0,22,727.2326469992182,,-13.55
33.3,245,AV,2,0,0,50,5144.150368411208,,-33.3
22.916666666666668,220,AV,1,0,0,48,4200.245935785981,,-22.916666666666668
18.2,214,AV,1,0,0,39,4034.238052294327,,-18.2
36.4,230,AV,1,0,0,70,4639.089550420253,,-36.4
24.783333333333335,227,AV,1,0,0,48,4559.760277629775,,-24.783333333333335
20.85,59,AV,1,0,0,43,1194.3606142611325,,-20.85
36.43333333333333,12,AV,1,0,0,72,610.4868582393152,,-36.43333333333333
15.416666666666666,264,AV,0,0,0,34,6918.069898529506,,-15.416666666666666
38.11666666666667,127,AV,0,0,0,46,2271.53748778668,,-38.11666666666667
26.6,185,AV,2,0,0,30,3245.380745418587,,-26.6
30.25,287,AV,1,0,0,60,11049.706566164488,,-30.25
28.266666666666666,40,AV,1,0,0,56,931.9887487728153,,-28.266666666666666
17.466666666666665,134,AV,1,0,0,36,2411.397471856681,,-17.466666666666665
11.75,82,AV,1,0,0,11,1538.317647081207,,-11.75
15.416666666666666,74,AV,0,0,0,34,1447.5744631551047,,-15.416666666666666
11.95,167,AV,0,0,0,28,2953.761118311176,,-11.95
19.666666666666668,224,AV,1,0,0,38,4547.885280126284,,-19.666666666666668
50.266666666666666,58,AV,0,0,0,53,1148.9174546898266,,-50.266666666666666
21.383333333333333,42,AV,1,0,0,46,961.7772661313056,,-21.383333333333333
27.583333333333332,32,AV,0,0,0,40,861.805442805673,,-27.583333333333332
18.1,277,AV,1,0,0,38,8348.421721831439,,-18.1
24.05,216,AV,0,0,0,38,4113.319853961603,,-24.05
24.833333333333332,148,AV,1,0,0,50,2619.168197182975,,-24.833333333333332
43.7,196,AV,2,0,0,61,3393.6426315430986,,-43.7
20.533333333333335,90,AV,1,0,0,42,1659.6531244520008,,-20.533333333333335
26.083333333333332,66,AV,1,0,0,51,1317.647826688136,,-26.083333333333332
16.966666666666665,253,AV,0,0,0,35,5654.280440205098,,-16.966666666666665
20.266666666666666,91,AV,1,0,0,42,1661.9571573900298,,-20.266666666666666
14.333333333333334,289,AV,1,0,0,28,11940.25564443948,,-14.333333333333334
41.86666666666667,211,AV,2,0,0,62,3958.913906791885,,-41.86666666666667
25.1,153,AV,1,0,0,50,2756.9260540590044,,-25.1
14.716666666666667,184,AV,1,0,0,30,3230.862018062417,,-14.716666666666667
30.2,57,AV,1,0,0,58,1141.5133047894662,,-30.2
38.31666666666667,96,AV,0,0,0,46,1723.69240549938,,-38.31666666666667
25.866666666666667,79,AV,2,0,0,26,1503.4428459110418,,-25.866666666666667
42.766666666666666,152,AV,2,0,0,65,2747.619709803412,,-42.766666666666666
26.216666666666665,208,AV,2,0,0,30,3849.958431883558,,-26.216666666666665
43.46666666666667,62,AV,0,0,0,48,1249.5878531833848,,-43.46666666666667
18.716666666666665,25,AV,0,0,0,35,802.5586880039084,,-18.716666666666665
18.8,16,AV,0,0,0,35,649.7132696839626,,-18.8
52.28333333333333,228,AV,0,0,0,53,4617.1597275219765,,-52.28333333333333
8.433333333333334,29,AV,0,0,0,25,845.7864251007381,,-8.433333333333334
27.7,26,AV,0,0,0,41,806.3598325453933,,-27.7
6.566666666666666,259,AV,0,0,0,24,5960.007005011629,,-6.566666666666666
72.96666666666667,130,AV,0,0,0,70,2344.9936519099742,,-72.96666666666667
28.666666666666668,175,AV,2,0,0,46,3046.5766145774583,,-28.666666666666668
12.566666666666666,10,AV,1,0,0,15,588.8906571209208,,-12.566666666666666
25.833333333333332,180,AV,0,0,0,39,3169.820795106812,,-25.833333333333332
30.95,113,AV,2,0,0,46,2035.9911412414244,,-30.95
50.31666666666667,280,AV,0,0,0,53,8981.750106371177,,-50.31666666666667
43.15,231,AV,2,0,0,64,4645.51881630073,,-43.15
32.06666666666667,232,AV,1,0,0,63,4687.914961676448,,-32.06666666666667
31.066666666666666,63,AV,1,0,0,58,1260.3927948639828,,-31.066666666666666
37.733333333333334,203,AV,2,0,0,50,3667.3634505223554,,-37.733333333333334
23.516666666666666,101,AV,1,0,0,48,1836.592480640456,,-23.516666666666666
32.96666666666667,51,AV,0,0,0,43,1076.386102050743,,-32.96666666666667
69.68333333333334,276,AV,0,0,0,65,8326.33528790118,,-69.68333333333334
28.3,94,AV,1,0,0,56,1703.2333497257905,,-28.3
28.533333333333335,61,AV,1,0,0,57,1234.5997004771,,-28.533333333333335
28.933333333333334,283,AV,1,0,0,52,9095.945853089892,,-28.933333333333334
16.066666666666666,262,AV,1,0,0,31,6427.339783247283,,-16.066666666666666
39.85,206,AV,0,0,0,47,3773.073658575576,,-39.85
27.616666666666667,217,AV,1,0,0,52,4135.471393234625,,-27.616666666666667
18.85,181,AV,1,0,0,39,3197.7177395395383,,-18.85
27.016666666666666,170,AV,1,0,0,53,2969.8754393798326,,-27.016666666666666
47.583333333333336,172,AV,2,0,0,83,2991.769966736588,,-47.583333333333336
64.36666666666666,284,AV,0,0,0,63,9667.367812467324,,-64.36666666666666
26.633333333333333,158,AV,1,0,0,52,2818.3733061874163,,-26.633333333333333
40.78333333333333,219,AV,2,0,0,57,4196.147454418583,,-40.78333333333333
23.483333333333334,109,AV,1,0,0,47,2010.868248891871,,-23.483333333333334
11.866666666666667,213,AV,0,0,0,31,4015.909421979459,,-11.866666666666667
33.083333333333336,187,AV,1,0,0,64,3256.7228478661937,,-33.083333333333336
20.133333333333333,157,AV,1,0,0,43,2813.5576138103806,,-20.133333333333333
35.9,76,AV,1,0,0,67,1485.5718097438446,,-35.9
29.833333333333332,260,AV,1,0,0,59,6130.868263041086,,-29.833333333333332
62.766666666666666,105,AV,0,0,0,62,1921.5023446668008,,-62.766666666666666
30.433333333333334,243,AV,1,0,0,61,5009.92015912814,,-30.433333333333334
17.866666666666667,6,AV,1,0,0,36,541.9839687696077,,-17.866666666666667
34.68333333333333,212,AV,1,0,0,66,3971.0791127863904,,-34.68333333333333
60.96666666666667,143,AV,0,0,0,59,2528.765907819195,,-60.96666666666667
36.416666666666664,103,AV,1,0,0,70,1888.2149669861096,,-36.416666666666664
13.883333333333333,120,AV,1,0,0,27,2147.781038516846,,-13.883333333333333
20.15,237,AV,1,0,0,41,4735.166802079286,,-20.15
30.916666666666668,136,AV,2,0,0,48,2421.0391237858234,,-30.916666666666668
29.283333333333335,270,AV,2,0,0,47,7592.14370769901,,-29.283333333333335
35.833333333333336,292,AV,1,0,0,72,13430.196447392702,,-35.833333333333336
10.066666666666666,56,AV,0,0,0,27,1129.1321270070612,,-10.066666666666666
17.083333333333332,121,AV,1,0,0,35,2187.718469250836,,-17.083333333333332
32.45,106,AV,1,0,0,61,1927.298426803608,,-32.45
20.6,119,AV,1,0,0,41,2141.869626207308,,-20.6
39.46666666666667,17,AV,2,0,0,61,720.4688823460104,,-39.46666666666667
24.15,122,AV,2,0,0,31,2187.907521251699,,-24.15
41.03333333333333,291,AV,2,0,0,59,13351.937436366714,,-41.03333333333333
28.233333333333334,271,AV,1,0,0,55,7658.5640246764915,,-28.233333333333334
15.833333333333334,272,AV,1,0,0,30,7912.643587116454,,-15.833333333333334
32.0,95,AV,2,0,0,47,1717.0377309640771,,-32.0
55.6,222,AV,0,0,0,56,4429.527615460413,,-55.6
23.233333333333334,251,AV,1,0,0,45,5557.427333357366,,-23.233333333333334
39.733333333333334,171,AV,2,0,0,60,2987.078671303881,,-39.733333333333334
30.05,261,AV,1,0,0,56,6254.49597505133,,-30.05
13.25,183,AV,1,0,0,21,3227.056348793521,,-13.25
29.516666666666666,77,AV,0,0,0,42,1490.1599361877834,,-29.516666666666666
64.45,83,AV,0,0,0,62,1546.5147326922538,,-64.45
22.1,295,AV,1,0,0,47,15725.918848752755,,-22.1
15.85,190,AV,1,0,0,34,3292.2479258152307,,-15.85
73.03333333333333,269,AV,0,0,0,69,7572.106998522375,,-73.03333333333333
32.61666666666667,235,AV,1,0,0,63,4707.821121085941,,-32.61666666666667
32.93333333333333,166,AV,1,0,0,65,2946.490055333797,,-32.93333333333333
30.316666666666666,114,AV,1,0,0,54,2046.5713793034688,,-30.316666666666666
14.8,274,AV,1,0,0,30,8028.27043643778,,-14.8
27.45,24,AV,1,0,0,51,767.6170681366935,,-27.45
32.18333333333333,13,AV,2,0,0,50,614.9217871931492,,-32.18333333333333
24.65,205,AV,1,0,0,50,3758.845856207275,,-24.65
60.85,60,AV,0,0,0,60,1200.7903182940884,,-60.85
9.95,124,AV,0,0,0,26,2218.7455195521825,,-9.95
46.0,290,AV,2,0,0,65,12726.503958899895,,-46.0
16.7,163,AV,1,0,0,34,2891.134206742707,,-16.7
71.35,226,AV,0,0,0,65,4549.115907877681,,-71.35
20.733333333333334,201,AV,0,0,0,35,3558.5090095449787,,-20.733333333333334
30.166666666666668,117,AV,1,0,0,57,2105.6010448069283,,-30.166666666666668
41.266666666666666,221,AV,2,0,0,56,4227.85786318916,,-41.266666666666666
14.266666666666667,141,AV,1,0,0,27,2520.718778515204,,-14.266666666666667
20.116666666666667,242,AV,1,0,0,42,4959.361066312568,,-20.116666666666667
28.3,71,AV,1,0,0,53,1404.912317929139,,-28.3
22.866666666666667,19,AV,2,0,0,27,736.5379020629116,,-22.866666666666667
